cohort_month,LTV_latest_cumulative,CAC,LTV_to_CAC
2023-01,68.995,800.0,0.08624375000000001
2023-02,89.0,1840.0,0.0483695652173913
2023-03,82.5,985.0,0.08375634517766498
2023-04,67.5,1045.0,0.0645933014354067
2023-05,140.0,2220.0,0.06306306306306306
